Store,Product,Date,Demand
S01,P001,2022-01-07,184.57
S01,P001,2022-01-14,177.86
S01,P001,2022-01-21,215.2
S01,P001,2022-01-28,223.26
S01,P001,2022-02-04,178.72
S01,P001,2022-02-11,181.29
S01,P001,2022-02-18,191.33
S01,P001,2022-02-25,171.72
S01,P001,2022-03-04,164.79
S01,P001,2022-03-11,145.09
S01,P001,2022-03-18,169.91
S01,P001,2022-03-25,173.59
S01,P001,2022-04-01,173.4
S01,P001,2022-04-08,202.78
S01,P001,2022-04-15,206.35
S01,P001,2022-04-22,196.93
S01,P001,2022-04-29,220.55
S01,P001,2022-05-06,199.47
S01,P001,2022-05-13,219.87
S01,P001,2022-05-20,194.53
S01,P001,2022-05-27,179.56
S01,P001,2022-06-03,160.7
S01,P001,2022-06-10,182.09
S01,P001,2022-06-17,160.27
S01,P001,2022-06-24,161.37
S01,P001,2022-07-01,173.0
S01,P001,2022-07-08,199.73
S01,P001,2022-07-15,210.69
S01,P001,2022-07-22,221.88
S01,P001,2022-07-29,227.35
S01,P001,2022-08-05,251.85
S01,P001,2022-08-12,206.47
S01,P001,2022-08-19,193.47
S01,P001,2022-08-26,176.0
S01,P001,2022-09-02,186.03
S01,P001,2022-09-09,186.56
S01,P001,2022-09-16,166.75
S01,P001,2022-09-23,161.06
S01,P001,2022-09-30,171.78
S01,P001,2022-10-07,207.37
S01,P001,2022-10-14,222.23
S01,P001,2022-10-21,229.71
S01,P001,2022-10-28,216.78
S01,P001,2022-11-04,253.08
S01,P001,2022-11-11,244.19
S01,P001,2022-11-18,234.3
S01,P001,2022-11-25,207.14
S01,P001,2022-12-02,210.01
S01,P001,2022-12-09,209.68
S01,P001,2022-12-16,199.35
S01,P001,2022-12-23,183.87
S01,P001,2022-12-30,199.49
S01,P001,2023-01-06,181.63
S01,P001,2023-01-13,212.15
S01,P001,2023-01-20,220.38
S01,P001,2023-01-27,223.05
S01,P001,2023-02-03,227.34
S01,P001,2023-02-10,246.73
S01,P001,2023-02-17,199.91
S01,P001,2023-02-24,214.47
S01,P001,2023-03-03,163.29
S01,P001,2023-03-10,176.34
S01,P001,2023-03-17,182.65
S01,P001,2023-03-24,194.2
S01,P001,2023-03-31,206.56
S01,P001,2023-04-07,221.26
S01,P001,2023-04-14,217.59
S01,P001,2023-04-21,226.37
S01,P001,2023-04-28,251.38
S01,P001,2023-05-05,234.47
S01,P001,2023-05-12,211.05
S01,P001,2023-05-19,201.77
S01,P001,2023-05-26,192.02
S01,P001,2023-06-02,201.86
S01,P001,2023-06-09,189.38
S01,P001,2023-06-16,196.43
S01,P001,2023-06-23,184.87
S01,P001,2023-06-30,204.14
S01,P001,2023-07-07,224.61
S01,P001,2023-07-14,224.05
S01,P001,2023-07-21,246.02
S01,P001,2023-07-28,234.45
S01,P001,2023-08-04,237.77
S01,P001,2023-08-11,230.33
S01,P001,2023-08-18,206.7
S01,P001,2023-08-25,218.99
S01,P001,2023-09-01,193.23
S01,P001,2023-09-08,193.3
S01,P001,2023-09-15,199.16
S01,P001,2023-09-22,203.85
S01,P001,2023-09-29,217.61
S01,P001,2023-10-06,219.62
S01,P001,2023-10-13,228.21
S01,P001,2023-10-20,243.85
S01,P001,2023-10-27,224.94
S01,P001,2023-11-03,251.38
S01,P001,2023-11-10,246.08
S01,P001,2023-11-17,239.55
S01,P001,2023-11-24,223.55
S01,P001,2023-12-01,216.56
S01,P001,2023-12-08,217.31
S01,P001,2023-12-15,241.31
S01,P001,2023-12-22,197.68
S01,P001,2023-12-29,224.57
S01,P001,2024-01-05,212.96
S01,P001,2024-01-12,237.35
S01,P001,2024-01-19,236.66
S01,P001,2024-01-26,251.03
S01,P001,2024-02-02,267.56
S01,P001,2024-02-09,221.88
S01,P001,2024-02-16,242.89
S01,P001,2024-02-23,226.99
S01,P001,2024-03-01,203.1
S01,P001,2024-03-08,183.16
S01,P001,2024-03-15,204.77
S01,P001,2024-03-22,200.95
S01,P001,2024-03-29,222.86
S01,P001,2024-04-05,233.17
S01,P001,2024-04-12,270.33
S01,P001,2024-04-19,253.2
S01,P001,2024-04-26,246.64
S01,P001,2024-05-03,263.51
S01,P001,2024-05-10,256.96
S01,P001,2024-05-17,262.64
S01,P001,2024-05-24,241.83
S01,P001,2024-05-31,223.24
S01,P001,2024-06-07,232.67
S01,P001,2024-06-14,191.73
S01,P001,2024-06-21,205.17
S01,P001,2024-06-28,211.35
S01,P001,2024-07-05,232.86
S01,P001,2024-07-12,231.52
S01,P001,2024-07-19,272.18
S01,P001,2024-07-26,264.53
S01,P001,2024-08-02,244.63
S01,P001,2024-08-09,244.3
S01,P001,2024-08-16,252.82
S01,P001,2024-08-23,247.74
S01,P001,2024-08-30,253.71
S01,P001,2024-09-06,260.3
S01,P001,2024-09-13,221.65
S01,P001,2024-09-20,205.79
S01,P001,2024-09-27,199.14
S01,P001,2024-10-04,248.6
S01,P001,2024-10-11,245.85
S01,P001,2024-10-18,262.3
S01,P001,2024-10-25,264.55
S01,P001,2024-11-01,294.46
S01,P001,2024-11-08,305.4
S01,P001,2024-11-15,280.35
S01,P001,2024-11-22,238.66
S01,P001,2024-11-29,214.09
S01,P001,2024-12-06,221.34
S01,P001,2024-12-13,238.01
S01,P001,2024-12-20,249.7
S01,P001,2024-12-27,263.51
S01,P002,2022-01-07,227.34
S01,P002,2022-01-14,256.22
S01,P002,2022-01-21,240.09
S01,P002,2022-01-28,233.02
S01,P002,2022-02-04,235.87
S01,P002,2022-02-11,233.09
S01,P002,2022-02-18,273.11
S01,P002,2022-02-25,207.13
S01,P002,2022-03-04,225.65
S01,P002,2022-03-11,187.21
S01,P002,2022-03-18,219.13
S01,P002,2022-03-25,214.56
S01,P002,2022-04-01,215.36
S01,P002,2022-04-08,230.98
S01,P002,2022-04-15,233.45
S01,P002,2022-04-22,263.81
S01,P002,2022-04-29,252.86
S01,P002,2022-05-06,237.89
S01,P002,2022-05-13,229.85
S01,P002,2022-05-20,244.61
S01,P002,2022-05-27,257.05
S01,P002,2022-06-03,220.15
S01,P002,2022-06-10,208.04
S01,P002,2022-06-17,214.22
S01,P002,2022-06-24,237.85
S01,P002,2022-07-01,228.84
S01,P002,2022-07-08,231.02
S01,P002,2022-07-15,271.86
S01,P002,2022-07-22,270.21
S01,P002,2022-07-29,295.41
S01,P002,2022-08-05,269.96
S01,P002,2022-08-12,237.53
S01,P002,2022-08-19,223.59
S01,P002,2022-08-26,265.05
S01,P002,2022-09-02,255.01
S01,P002,2022-09-09,213.65
S01,P002,2022-09-16,208.89
S01,P002,2022-09-23,247.36
S01,P002,2022-09-30,211.67
S01,P002,2022-10-07,229.02
S01,P002,2022-10-14,270.24
S01,P002,2022-10-21,262.1
S01,P002,2022-10-28,274.38
S01,P002,2022-11-04,294.43
S01,P002,2022-11-11,296.35
S01,P002,2022-11-18,304.26
S01,P002,2022-11-25,243.67
S01,P002,2022-12-02,266.28
S01,P002,2022-12-09,210.69
S01,P002,2022-12-16,245.62
S01,P002,2022-12-23,212.58
S01,P002,2022-12-30,216.37
S01,P002,2023-01-06,236.03
S01,P002,2023-01-13,259.35
S01,P002,2023-01-20,292.4
S01,P002,2023-01-27,257.31
S01,P002,2023-02-03,280.64
S01,P002,2023-02-10,264.27
S01,P002,2023-02-17,255.74
S01,P002,2023-02-24,266.8
S01,P002,2023-03-03,247.09
S01,P002,2023-03-10,254.38
S01,P002,2023-03-17,226.42
S01,P002,2023-03-24,221.95
S01,P002,2023-03-31,240.99
S01,P002,2023-04-07,262.91
S01,P002,2023-04-14,275.26
S01,P002,2023-04-21,263.11
S01,P002,2023-04-28,289.52
S01,P002,2023-05-05,290.9
S01,P002,2023-05-12,325.01
S01,P002,2023-05-19,302.13
S01,P002,2023-05-26,240.1
S01,P002,2023-06-02,238.94
S01,P002,2023-06-09,210.67
S01,P002,2023-06-16,225.28
S01,P002,2023-06-23,246.86
S01,P002,2023-06-30,273.44
S01,P002,2023-07-07,252.13
S01,P002,2023-07-14,267.01
S01,P002,2023-07-21,250.68
S01,P002,2023-07-28,291.67
S01,P002,2023-08-04,274.38
S01,P002,2023-08-11,276.88
S01,P002,2023-08-18,259.27
S01,P002,2023-08-25,260.47
S01,P002,2023-09-01,219.18
S01,P002,2023-09-08,217.32
S01,P002,2023-09-15,280.95
S01,P002,2023-09-22,224.72
S01,P002,2023-09-29,238.7
S01,P002,2023-10-06,305.03
S01,P002,2023-10-13,337.79
S01,P002,2023-10-20,274.96
S01,P002,2023-10-27,294.68
S01,P002,2023-11-03,330.36
S01,P002,2023-11-10,348.23
S01,P002,2023-11-17,288.0
S01,P002,2023-11-24,264.46
S01,P002,2023-12-01,295.52
S01,P002,2023-12-08,282.26
S01,P002,2023-12-15,266.56
S01,P002,2023-12-22,252.19
S01,P002,2023-12-29,240.4
S01,P002,2024-01-05,274.39
S01,P002,2024-01-12,287.41
S01,P002,2024-01-19,306.93
S01,P002,2024-01-26,298.03
S01,P002,2024-02-02,315.41
S01,P002,2024-02-09,318.05
S01,P002,2024-02-16,291.27
S01,P002,2024-02-23,281.92
S01,P002,2024-03-01,265.2
S01,P002,2024-03-08,257.14
S01,P002,2024-03-15,243.05
S01,P002,2024-03-22,267.01
S01,P002,2024-03-29,270.11
S01,P002,2024-04-05,323.06
S01,P002,2024-04-12,327.24
S01,P002,2024-04-19,316.41
S01,P002,2024-04-26,301.0
S01,P002,2024-05-03,293.61
S01,P002,2024-05-10,327.98
S01,P002,2024-05-17,299.91
S01,P002,2024-05-24,290.94
S01,P002,2024-05-31,239.55
S01,P002,2024-06-07,280.55
S01,P002,2024-06-14,270.93
S01,P002,2024-06-21,248.03
S01,P002,2024-06-28,270.08
S01,P002,2024-07-05,296.84
S01,P002,2024-07-12,306.57
S01,P002,2024-07-19,310.91
S01,P002,2024-07-26,319.58
S01,P002,2024-08-02,315.81
S01,P002,2024-08-09,315.99
S01,P002,2024-08-16,328.38
S01,P002,2024-08-23,242.81
S01,P002,2024-08-30,273.4
S01,P002,2024-09-06,273.74
S01,P002,2024-09-13,274.79
S01,P002,2024-09-20,268.04
S01,P002,2024-09-27,253.66
S01,P002,2024-10-04,304.71
S01,P002,2024-10-11,343.43
S01,P002,2024-10-18,295.27
S01,P002,2024-10-25,343.7
S01,P002,2024-11-01,345.14
S01,P002,2024-11-08,342.85
S01,P002,2024-11-15,313.65
S01,P002,2024-11-22,289.7
S01,P002,2024-11-29,307.77
S01,P002,2024-12-06,311.76
S01,P002,2024-12-13,331.35
S01,P002,2024-12-20,326.63
S01,P002,2024-12-27,299.89
S01,P003,2022-01-07,306.62
S01,P003,2022-01-14,292.81
S01,P003,2022-01-21,311.59
S01,P003,2022-01-28,293.31
S01,P003,2022-02-04,299.9
S01,P003,2022-02-11,276.82
S01,P003,2022-02-18,300.97
S01,P003,2022-02-25,242.62
S01,P003,2022-03-04,272.51
S01,P003,2022-03-11,245.04
S01,P003,2022-03-18,272.61
S01,P003,2022-03-25,269.11
S01,P003,2022-04-01,302.19
S01,P003,2022-04-08,292.89
S01,P003,2022-04-15,258.13
S01,P003,2022-04-22,300.35
S01,P003,2022-04-29,282.47
S01,P003,2022-05-06,295.17
S01,P003,2022-05-13,330.75
S01,P003,2022-05-20,301.12
S01,P003,2022-05-27,260.23
S01,P003,2022-06-03,242.34
S01,P003,2022-06-10,257.28
S01,P003,2022-06-17,230.01
S01,P003,2022-06-24,246.8
S01,P003,2022-07-01,278.06
S01,P003,2022-07-08,309.36
S01,P003,2022-07-15,311.47
S01,P003,2022-07-22,261.18
S01,P003,2022-07-29,321.03
S01,P003,2022-08-05,315.11
S01,P003,2022-08-12,315.26
S01,P003,2022-08-19,329.22
S01,P003,2022-08-26,239.13
S01,P003,2022-09-02,258.76
S01,P003,2022-09-09,276.55
S01,P003,2022-09-16,229.89
S01,P003,2022-09-23,299.44
S01,P003,2022-09-30,286.79
S01,P003,2022-10-07,310.42
S01,P003,2022-10-14,294.25
S01,P003,2022-10-21,333.94
S01,P003,2022-10-28,344.62
S01,P003,2022-11-04,350.04
S01,P003,2022-11-11,343.04
S01,P003,2022-11-18,332.51
S01,P003,2022-11-25,271.88
S01,P003,2022-12-02,299.62
S01,P003,2022-12-09,292.49
S01,P003,2022-12-16,302.71
S01,P003,2022-12-23,296.99
S01,P003,2022-12-30,264.37
S01,P003,2023-01-06,297.57
S01,P003,2023-01-13,344.9
S01,P003,2023-01-20,308.78
S01,P003,2023-01-27,312.46
S01,P003,2023-02-03,332.95
S01,P003,2023-02-10,339.4
S01,P003,2023-02-17,310.62
S01,P003,2023-02-24,325.47
S01,P003,2023-03-03,304.26
S01,P003,2023-03-10,296.92
S01,P003,2023-03-17,289.84
S01,P003,2023-03-24,332.42
S01,P003,2023-03-31,289.84
S01,P003,2023-04-07,265.67
S01,P003,2023-04-14,355.02
S01,P003,2023-04-21,322.34
S01,P003,2023-04-28,339.55
S01,P003,2023-05-05,363.75
S01,P003,2023-05-12,295.57
S01,P003,2023-05-19,291.64
S01,P003,2023-05-26,271.48
S01,P003,2023-06-02,277.14
S01,P003,2023-06-09,296.02
S01,P003,2023-06-16,296.76
S01,P003,2023-06-23,296.89
S01,P003,2023-06-30,272.03
S01,P003,2023-07-07,266.78
S01,P003,2023-07-14,330.02
S01,P003,2023-07-21,329.59
S01,P003,2023-07-28,354.48
S01,P003,2023-08-04,358.53
S01,P003,2023-08-11,339.66
S01,P003,2023-08-18,341.44
S01,P003,2023-08-25,317.47
S01,P003,2023-09-01,312.5
S01,P003,2023-09-08,279.54
S01,P003,2023-09-15,289.53
S01,P003,2023-09-22,302.77
S01,P003,2023-09-29,326.48
S01,P003,2023-10-06,314.57
S01,P003,2023-10-13,347.38
S01,P003,2023-10-20,341.46
S01,P003,2023-10-27,349.91
S01,P003,2023-11-03,392.76
S01,P003,2023-11-10,326.46
S01,P003,2023-11-17,329.8
S01,P003,2023-11-24,289.08
S01,P003,2023-12-01,283.91
S01,P003,2023-12-08,311.64
S01,P003,2023-12-15,340.59
S01,P003,2023-12-22,300.2
S01,P003,2023-12-29,320.95
S01,P003,2024-01-05,353.26
S01,P003,2024-01-12,371.86
S01,P003,2024-01-19,353.14
S01,P003,2024-01-26,388.35
S01,P003,2024-02-02,360.82
S01,P003,2024-02-09,334.27
S01,P003,2024-02-16,328.09
S01,P003,2024-02-23,296.66
S01,P003,2024-03-01,297.81
S01,P003,2024-03-08,301.91
S01,P003,2024-03-15,325.27
S01,P003,2024-03-22,349.87
S01,P003,2024-03-29,295.32
S01,P003,2024-04-05,346.18
S01,P003,2024-04-12,329.68
S01,P003,2024-04-19,372.11
S01,P003,2024-04-26,364.72
S01,P003,2024-05-03,327.99
S01,P003,2024-05-10,378.9
S01,P003,2024-05-17,335.42
S01,P003,2024-05-24,324.09
S01,P003,2024-05-31,301.55
S01,P003,2024-06-07,303.24
S01,P003,2024-06-14,324.93
S01,P003,2024-06-21,317.3
S01,P003,2024-06-28,338.79
S01,P003,2024-07-05,353.08
S01,P003,2024-07-12,386.81
S01,P003,2024-07-19,362.49
S01,P003,2024-07-26,344.01
S01,P003,2024-08-02,396.4
S01,P003,2024-08-09,359.99
S01,P003,2024-08-16,379.08
S01,P003,2024-08-23,350.9
S01,P003,2024-08-30,328.81
S01,P003,2024-09-06,331.85
S01,P003,2024-09-13,364.47
S01,P003,2024-09-20,372.44
S01,P003,2024-09-27,340.9
S01,P003,2024-10-04,356.4
S01,P003,2024-10-11,389.23
S01,P003,2024-10-18,359.48
S01,P003,2024-10-25,389.56
S01,P003,2024-11-01,404.99
S01,P003,2024-11-08,405.09
S01,P003,2024-11-15,369.72
S01,P003,2024-11-22,317.02
S01,P003,2024-11-29,295.58
S01,P003,2024-12-06,332.61
S01,P003,2024-12-13,345.41
S01,P003,2024-12-20,354.22
S01,P003,2024-12-27,387.67
S02,P001,2022-01-07,221.59
S02,P001,2022-01-14,204.03
S02,P001,2022-01-21,234.16
S02,P001,2022-01-28,228.04
S02,P001,2022-02-04,228.72
S02,P001,2022-02-11,228.61
S02,P001,2022-02-18,223.7
S02,P001,2022-02-25,196.37
S02,P001,2022-03-04,206.0
S02,P001,2022-03-11,165.75
S02,P001,2022-03-18,181.82
S02,P001,2022-03-25,225.89
S02,P001,2022-04-01,200.75
S02,P001,2022-04-08,232.37
S02,P001,2022-04-15,225.71
S02,P001,2022-04-22,243.53
S02,P001,2022-04-29,239.17
S02,P001,2022-05-06,236.3
S02,P001,2022-05-13,220.0
S02,P001,2022-05-20,226.74
S02,P001,2022-05-27,194.56
S02,P001,2022-06-03,205.9
S02,P001,2022-06-10,205.03
S02,P001,2022-06-17,193.09
S02,P001,2022-06-24,188.5
S02,P001,2022-07-01,210.09
S02,P001,2022-07-08,212.11
S02,P001,2022-07-15,244.24
S02,P001,2022-07-22,213.22
S02,P001,2022-07-29,240.86
S02,P001,2022-08-05,214.87
S02,P001,2022-08-12,215.14
S02,P001,2022-08-19,246.61
S02,P001,2022-08-26,226.63
S02,P001,2022-09-02,191.0
S02,P001,2022-09-09,172.09
S02,P001,2022-09-16,148.99
S02,P001,2022-09-23,190.51
S02,P001,2022-09-30,245.46
S02,P001,2022-10-07,229.14
S02,P001,2022-10-14,227.68
S02,P001,2022-10-21,253.54
S02,P001,2022-10-28,228.35
S02,P001,2022-11-04,270.14
S02,P001,2022-11-11,268.93
S02,P001,2022-11-18,254.73
S02,P001,2022-11-25,230.94
S02,P001,2022-12-02,236.83
S02,P001,2022-12-09,234.52
S02,P001,2022-12-16,213.01
S02,P001,2022-12-23,218.0
S02,P001,2022-12-30,239.45
S02,P001,2023-01-06,213.93
S02,P001,2023-01-13,228.63
S02,P001,2023-01-20,272.47
S02,P001,2023-01-27,254.76
S02,P001,2023-02-03,277.53
S02,P001,2023-02-10,242.67
S02,P001,2023-02-17,259.72
S02,P001,2023-02-24,226.92
S02,P001,2023-03-03,217.4
S02,P001,2023-03-10,229.84
S02,P001,2023-03-17,199.78
S02,P001,2023-03-24,196.29
S02,P001,2023-03-31,214.16
S02,P001,2023-04-07,241.14
S02,P001,2023-04-14,224.33
S02,P001,2023-04-21,267.86
S02,P001,2023-04-28,255.42
S02,P001,2023-05-05,279.56
S02,P001,2023-05-12,219.27
S02,P001,2023-05-19,231.97
S02,P001,2023-05-26,205.52
S02,P001,2023-06-02,207.01
S02,P001,2023-06-09,215.95
S02,P001,2023-06-16,208.39
S02,P001,2023-06-23,212.48
S02,P001,2023-06-30,224.37
S02,P001,2023-07-07,243.28
S02,P001,2023-07-14,238.56
S02,P001,2023-07-21,274.78
S02,P001,2023-07-28,279.32
S02,P001,2023-08-04,273.99
S02,P001,2023-08-11,269.4
S02,P001,2023-08-18,254.08
S02,P001,2023-08-25,267.21
S02,P001,2023-09-01,223.96
S02,P001,2023-09-08,213.5
S02,P001,2023-09-15,205.64
S02,P001,2023-09-22,206.67
S02,P001,2023-09-29,213.97
S02,P001,2023-10-06,232.76
S02,P001,2023-10-13,258.5
S02,P001,2023-10-20,275.06
S02,P001,2023-10-27,276.01
S02,P001,2023-11-03,286.6
S02,P001,2023-11-10,304.43
S02,P001,2023-11-17,290.6
S02,P001,2023-11-24,240.16
S02,P001,2023-12-01,245.35
S02,P001,2023-12-08,256.21
S02,P001,2023-12-15,249.64
S02,P001,2023-12-22,206.3
S02,P001,2023-12-29,237.48
S02,P001,2024-01-05,255.9
S02,P001,2024-01-12,251.94
S02,P001,2024-01-19,278.76
S02,P001,2024-01-26,259.3
S02,P001,2024-02-02,300.0
S02,P001,2024-02-09,291.51
S02,P001,2024-02-16,257.59
S02,P001,2024-02-23,253.88
S02,P001,2024-03-01,200.86
S02,P001,2024-03-08,212.51
S02,P001,2024-03-15,224.28
S02,P001,2024-03-22,217.81
S02,P001,2024-03-29,255.09
S02,P001,2024-04-05,287.8
S02,P001,2024-04-12,253.65
S02,P001,2024-04-19,269.22
S02,P001,2024-04-26,290.52
S02,P001,2024-05-03,309.99
S02,P001,2024-05-10,260.33
S02,P001,2024-05-17,270.98
S02,P001,2024-05-24,281.62
S02,P001,2024-05-31,218.11
S02,P001,2024-06-07,216.51
S02,P001,2024-06-14,228.2
S02,P001,2024-06-21,231.95
S02,P001,2024-06-28,262.43
S02,P001,2024-07-05,267.33
S02,P001,2024-07-12,250.55
S02,P001,2024-07-19,295.39
S02,P001,2024-07-26,284.2
S02,P001,2024-08-02,310.81
S02,P001,2024-08-09,275.12
S02,P001,2024-08-16,263.57
S02,P001,2024-08-23,268.29
S02,P001,2024-08-30,260.2
S02,P001,2024-09-06,248.32
S02,P001,2024-09-13,215.15
S02,P001,2024-09-20,253.7
S02,P001,2024-09-27,240.6
S02,P001,2024-10-04,273.11
S02,P001,2024-10-11,261.69
S02,P001,2024-10-18,300.22
S02,P001,2024-10-25,286.63
S02,P001,2024-11-01,302.33
S02,P001,2024-11-08,325.11
S02,P001,2024-11-15,306.62
S02,P001,2024-11-22,256.83
S02,P001,2024-11-29,276.39
S02,P001,2024-12-06,264.85
S02,P001,2024-12-13,270.78
S02,P001,2024-12-20,279.54
S02,P001,2024-12-27,252.69
S02,P002,2022-01-07,258.48
S02,P002,2022-01-14,253.93
S02,P002,2022-01-21,266.67
S02,P002,2022-01-28,303.87
S02,P002,2022-02-04,259.51
S02,P002,2022-02-11,227.72
S02,P002,2022-02-18,288.79
S02,P002,2022-02-25,292.8
S02,P002,2022-03-04,228.27
S02,P002,2022-03-11,193.6
S02,P002,2022-03-18,221.78
S02,P002,2022-03-25,227.48
S02,P002,2022-04-01,239.76
S02,P002,2022-04-08,236.67
S02,P002,2022-04-15,280.67
S02,P002,2022-04-22,290.23
S02,P002,2022-04-29,259.15
S02,P002,2022-05-06,297.54
S02,P002,2022-05-13,314.81
S02,P002,2022-05-20,269.6
S02,P002,2022-05-27,247.55
S02,P002,2022-06-03,239.72
S02,P002,2022-06-10,246.25
S02,P002,2022-06-17,202.92
S02,P002,2022-06-24,242.3
S02,P002,2022-07-01,242.86
S02,P002,2022-07-08,296.68
S02,P002,2022-07-15,273.81
S02,P002,2022-07-22,317.52
S02,P002,2022-07-29,272.9
S02,P002,2022-08-05,302.23
S02,P002,2022-08-12,290.32
S02,P002,2022-08-19,257.57
S02,P002,2022-08-26,263.52
S02,P002,2022-09-02,270.81
S02,P002,2022-09-09,236.06
S02,P002,2022-09-16,210.33
S02,P002,2022-09-23,245.74
S02,P002,2022-09-30,240.36
S02,P002,2022-10-07,263.97
S02,P002,2022-10-14,282.19
S02,P002,2022-10-21,263.5
S02,P002,2022-10-28,270.39
S02,P002,2022-11-04,331.05
S02,P002,2022-11-11,305.87
S02,P002,2022-11-18,257.76
S02,P002,2022-11-25,281.17
S02,P002,2022-12-02,284.59
S02,P002,2022-12-09,259.74
S02,P002,2022-12-16,247.79
S02,P002,2022-12-23,267.81
S02,P002,2022-12-30,269.6
S02,P002,2023-01-06,319.73
S02,P002,2023-01-13,297.93
S02,P002,2023-01-20,307.89
S02,P002,2023-01-27,303.18
S02,P002,2023-02-03,319.79
S02,P002,2023-02-10,309.24
S02,P002,2023-02-17,309.17
S02,P002,2023-02-24,264.37
S02,P002,2023-03-03,254.56
S02,P002,2023-03-10,246.68
S02,P002,2023-03-17,268.44
S02,P002,2023-03-24,286.44
S02,P002,2023-03-31,261.76
S02,P002,2023-04-07,275.9
S02,P002,2023-04-14,302.73
S02,P002,2023-04-21,303.2
S02,P002,2023-04-28,330.03
S02,P002,2023-05-05,271.26
S02,P002,2023-05-12,289.82
S02,P002,2023-05-19,279.26
S02,P002,2023-05-26,238.69
S02,P002,2023-06-02,251.76
S02,P002,2023-06-09,245.54
S02,P002,2023-06-16,257.29
S02,P002,2023-06-23,286.22
S02,P002,2023-06-30,272.32
S02,P002,2023-07-07,271.7
S02,P002,2023-07-14,302.76
S02,P002,2023-07-21,333.22
S02,P002,2023-07-28,302.04
S02,P002,2023-08-04,302.11
S02,P002,2023-08-11,321.46
S02,P002,2023-08-18,296.07
S02,P002,2023-08-25,298.82
S02,P002,2023-09-01,275.57
S02,P002,2023-09-08,281.35
S02,P002,2023-09-15,248.99
S02,P002,2023-09-22,272.67
S02,P002,2023-09-29,279.65
S02,P002,2023-10-06,275.08
S02,P002,2023-10-13,282.35
S02,P002,2023-10-20,333.39
S02,P002,2023-10-27,319.99
S02,P002,2023-11-03,330.81
S02,P002,2023-11-10,340.38
S02,P002,2023-11-17,351.07
S02,P002,2023-11-24,252.83
S02,P002,2023-12-01,279.59
S02,P002,2023-12-08,282.82
S02,P002,2023-12-15,324.63
S02,P002,2023-12-22,284.69
S02,P002,2023-12-29,303.96
S02,P002,2024-01-05,283.15
S02,P002,2024-01-12,297.05
S02,P002,2024-01-19,335.81
S02,P002,2024-01-26,334.07
S02,P002,2024-02-02,341.8
S02,P002,2024-02-09,321.45
S02,P002,2024-02-16,318.48
S02,P002,2024-02-23,303.44
S02,P002,2024-03-01,303.24
S02,P002,2024-03-08,296.67
S02,P002,2024-03-15,251.89
S02,P002,2024-03-22,245.86
S02,P002,2024-03-29,314.89
S02,P002,2024-04-05,331.77
S02,P002,2024-04-12,305.54
S02,P002,2024-04-19,300.99
S02,P002,2024-04-26,341.51
S02,P002,2024-05-03,355.39
S02,P002,2024-05-10,363.89
S02,P002,2024-05-17,329.48
S02,P002,2024-05-24,300.61
S02,P002,2024-05-31,279.87
S02,P002,2024-06-07,289.06
S02,P002,2024-06-14,282.37
S02,P002,2024-06-21,274.75
S02,P002,2024-06-28,340.45
S02,P002,2024-07-05,349.23
S02,P002,2024-07-12,351.07
S02,P002,2024-07-19,324.6
S02,P002,2024-07-26,361.83
S02,P002,2024-08-02,356.86
S02,P002,2024-08-09,346.21
S02,P002,2024-08-16,349.39
S02,P002,2024-08-23,325.45
S02,P002,2024-08-30,315.98
S02,P002,2024-09-06,307.03
S02,P002,2024-09-13,300.6
S02,P002,2024-09-20,267.63
S02,P002,2024-09-27,311.78
S02,P002,2024-10-04,313.79
S02,P002,2024-10-11,314.3
S02,P002,2024-10-18,378.15
S02,P002,2024-10-25,384.27
S02,P002,2024-11-01,400.52
S02,P002,2024-11-08,373.55
S02,P002,2024-11-15,381.92
S02,P002,2024-11-22,320.94
S02,P002,2024-11-29,313.02
S02,P002,2024-12-06,306.59
S02,P002,2024-12-13,332.32
S02,P002,2024-12-20,331.53
S02,P002,2024-12-27,293.54
S02,P003,2022-01-07,293.92
S02,P003,2022-01-14,306.92
S02,P003,2022-01-21,356.95
S02,P003,2022-01-28,343.32
S02,P003,2022-02-04,323.74
S02,P003,2022-02-11,321.7
S02,P003,2022-02-18,306.11
S02,P003,2022-02-25,288.1
S02,P003,2022-03-04,258.35
S02,P003,2022-03-11,270.87
S02,P003,2022-03-18,257.34
S02,P003,2022-03-25,252.09
S02,P003,2022-04-01,299.69
S02,P003,2022-04-08,310.76
S02,P003,2022-04-15,278.62
S02,P003,2022-04-22,324.18
S02,P003,2022-04-29,353.0
S02,P003,2022-05-06,353.3
S02,P003,2022-05-13,345.56
S02,P003,2022-05-20,313.55
S02,P003,2022-05-27,282.17
S02,P003,2022-06-03,265.87
S02,P003,2022-06-10,288.83
S02,P003,2022-06-17,288.52
S02,P003,2022-06-24,312.93
S02,P003,2022-07-01,319.6
S02,P003,2022-07-08,307.32
S02,P003,2022-07-15,297.56
S02,P003,2022-07-22,327.6
S02,P003,2022-07-29,344.2
S02,P003,2022-08-05,334.36
S02,P003,2022-08-12,319.43
S02,P003,2022-08-19,325.59
S02,P003,2022-08-26,296.88
S02,P003,2022-09-02,282.99
S02,P003,2022-09-09,295.68
S02,P003,2022-09-16,279.67
S02,P003,2022-09-23,298.57
S02,P003,2022-09-30,309.79
S02,P003,2022-10-07,293.72
S02,P003,2022-10-14,321.13
S02,P003,2022-10-21,372.04
S02,P003,2022-10-28,322.78
S02,P003,2022-11-04,325.7
S02,P003,2022-11-11,324.02
S02,P003,2022-11-18,352.44
S02,P003,2022-11-25,315.66
S02,P003,2022-12-02,325.25
S02,P003,2022-12-09,346.19
S02,P003,2022-12-16,263.53
S02,P003,2022-12-23,309.3
S02,P003,2022-12-30,344.39
S02,P003,2023-01-06,301.51
S02,P003,2023-01-13,330.81
S02,P003,2023-01-20,333.59
S02,P003,2023-01-27,335.95
S02,P003,2023-02-03,346.85
S02,P003,2023-02-10,376.64
S02,P003,2023-02-17,373.96
S02,P003,2023-02-24,315.5
S02,P003,2023-03-03,351.28
S02,P003,2023-03-10,304.99
S02,P003,2023-03-17,340.03
S02,P003,2023-03-24,306.58
S02,P003,2023-03-31,321.9
S02,P003,2023-04-07,340.42
S02,P003,2023-04-14,413.09
S02,P003,2023-04-21,374.82
S02,P003,2023-04-28,347.43
S02,P003,2023-05-05,381.59
S02,P003,2023-05-12,346.61
S02,P003,2023-05-19,332.64
S02,P003,2023-05-26,349.19
S02,P003,2023-06-02,319.47
S02,P003,2023-06-09,317.64
S02,P003,2023-06-16,311.05
S02,P003,2023-06-23,323.15
S02,P003,2023-06-30,335.62
S02,P003,2023-07-07,299.61
S02,P003,2023-07-14,367.88
S02,P003,2023-07-21,343.87
S02,P003,2023-07-28,339.54
S02,P003,2023-08-04,367.57
S02,P003,2023-08-11,363.52
S02,P003,2023-08-18,335.91
S02,P003,2023-08-25,355.11
S02,P003,2023-09-01,298.18
S02,P003,2023-09-08,310.79
S02,P003,2023-09-15,306.02
S02,P003,2023-09-22,322.66
S02,P003,2023-09-29,340.1
S02,P003,2023-10-06,326.67
S02,P003,2023-10-13,376.64
S02,P003,2023-10-20,373.37
S02,P003,2023-10-27,337.65
S02,P003,2023-11-03,359.21
S02,P003,2023-11-10,393.05
S02,P003,2023-11-17,377.38
S02,P003,2023-11-24,343.03
S02,P003,2023-12-01,357.33
S02,P003,2023-12-08,355.62
S02,P003,2023-12-15,369.75
S02,P003,2023-12-22,307.85
S02,P003,2023-12-29,317.18
S02,P003,2024-01-05,332.43
S02,P003,2024-01-12,375.05
S02,P003,2024-01-19,405.74
S02,P003,2024-01-26,375.87
S02,P003,2024-02-02,331.35
S02,P003,2024-02-09,341.07
S02,P003,2024-02-16,348.08
S02,P003,2024-02-23,341.04
S02,P003,2024-03-01,332.89
S02,P003,2024-03-08,335.24
S02,P003,2024-03-15,326.85
S02,P003,2024-03-22,360.77
S02,P003,2024-03-29,335.15
S02,P003,2024-04-05,344.83
S02,P003,2024-04-12,386.58
S02,P003,2024-04-19,354.89
S02,P003,2024-04-26,400.66
S02,P003,2024-05-03,393.59
S02,P003,2024-05-10,381.31
S02,P003,2024-05-17,406.47
S02,P003,2024-05-24,347.23
S02,P003,2024-05-31,392.28
S02,P003,2024-06-07,337.25
S02,P003,2024-06-14,314.13
S02,P003,2024-06-21,347.75
S02,P003,2024-06-28,334.29
S02,P003,2024-07-05,354.7
S02,P003,2024-07-12,392.41
S02,P003,2024-07-19,406.36
S02,P003,2024-07-26,386.96
S02,P003,2024-08-02,419.72
S02,P003,2024-08-09,416.26
S02,P003,2024-08-16,410.83
S02,P003,2024-08-23,378.97
S02,P003,2024-08-30,385.19
S02,P003,2024-09-06,310.03
S02,P003,2024-09-13,341.82
S02,P003,2024-09-20,335.62
S02,P003,2024-09-27,366.94
S02,P003,2024-10-04,366.03
S02,P003,2024-10-11,388.14
S02,P003,2024-10-18,441.76
S02,P003,2024-10-25,404.01
S02,P003,2024-11-01,439.22
S02,P003,2024-11-08,418.63
S02,P003,2024-11-15,413.81
S02,P003,2024-11-22,375.52
S02,P003,2024-11-29,373.52
S02,P003,2024-12-06,405.55
S02,P003,2024-12-13,414.64
S02,P003,2024-12-20,391.88
S02,P003,2024-12-27,384.37
